{"description":"English multi-task CNN trained on OntoNotes. Assigns context-specific token vectors, POS tags, dependency parse and named entities.","sources":["OntoNotes 5"],"speed":{"gpu":null,"nwords":291314,"cpu":6684.8046553827},"lang":"en","pipeline":["tagger","parser","ner"],"name":"core_web_sm","license":"MIT","author":"Explosion AI","url":"https://explosion.ai","vectors":{"keys":0,"width":0,"vectors":0,"name":null},"version":"2.1.0","spacy_version":">=2.1.0","parent_package":"spacy","email":"contact@explosion.ai","accuracy":{"token_acc":99.0697323163,"ents_p":86.3317889027,"ents_r":85.3909350025,"uas":91.5287392082,"tags_acc":96.7783856079,"ents_f":85.8587845242,"las":89.6616629074}}